-- phpMyAdmin SQL Dump
-- version 4.6.4
-- https://www.phpmyadmin.net/
--
-- Host: 127.0.0.1
-- Generation Time: Dec 17, 2016 at 08:49 AM
-- Server version: 5.7.14
-- PHP Version: 5.6.25

SET SQL_MODE = "NO_AUTO_VALUE_ON_ZERO";
SET time_zone = "+00:00";


/*!40101 SET @OLD_CHARACTER_SET_CLIENT=@@CHARACTER_SET_CLIENT */;
/*!40101 SET @OLD_CHARACTER_SET_RESULTS=@@CHARACTER_SET_RESULTS */;
/*!40101 SET @OLD_COLLATION_CONNECTION=@@COLLATION_CONNECTION */;
/*!40101 SET NAMES utf8mb4 */;

--
-- Database: `travel`
--

-- --------------------------------------------------------

--
-- Table structure for table `contact us`
--

CREATE TABLE `contact us` (
  `C_id` int(11) NOT NULL,
  `Comment` int(11) NOT NULL
) ENGINE=MyISAM DEFAULT CHARSET=latin1;

-- --------------------------------------------------------

--
-- Table structure for table `hotels`
--

CREATE TABLE `hotels` (
  `H_id` int(100) NOT NULL,
  `H_name` varchar(100) NOT NULL,
  `H_location` varchar(100) NOT NULL,
  `H_image` varchar(100) NOT NULL,
  `H_rating` int(100) NOT NULL,
  `H_feedback` varchar(100) NOT NULL,
  `H_desc` varchar(1000) NOT NULL
) ENGINE=InnoDB DEFAULT CHARSET=latin1;

--
-- Dumping data for table `hotels`
--

INSERT INTO `hotels` (`H_id`, `H_name`, `H_location`, `H_image`, `H_rating`, `H_feedback`, `H_desc`) VALUES
(1, 'Windsor sheraton', 'Karnataka', 'windsorsheraton.jpg', 3, 'good', 'Its a perfect place to enjoy greenery'),
(2, 'Luxury House Boat', 'Kerala', 'luxury_houseboat.jpg', 4, 'Excellent', 'The excellent boat house with amenities in place for a pleasant stay'),
(3, 'Lake View ', 'Tamil nadu', 'LakeView.jpg', 4, 'Good', 'The perfect place to get your vacation a rest and get eyes beautiful view,worth the money spent'),
(4, 'Sea Side', 'Karnataka', 'Scene_view.jpg', 3, 'Very Good', 'Experiencing the cool breeze along sea side this place is a exact match to the vacation .');

-- --------------------------------------------------------

--
-- Table structure for table `payment`
--

CREATE TABLE `payment` (
  `pay_id` int(100) NOT NULL,
  `pay_cno` int(100) NOT NULL,
  `pay_cvv` int(100) NOT NULL,
  `pay_amt` int(100) NOT NULL,
  `pay_usrid` int(100) NOT NULL
) ENGINE=InnoDB DEFAULT CHARSET=latin1;

--
-- Dumping data for table `payment`
--

INSERT INTO `payment` (`pay_id`, `pay_cno`, `pay_cvv`, `pay_amt`, `pay_usrid`) VALUES
(1, 6778, 244, 3500, 12),
(2, 6778, 244, 3500, 12),
(3, 524356, 354, 3500, 12);

-- --------------------------------------------------------

--
-- Table structure for table `places`
--

CREATE TABLE `places` (
  `p_id` int(100) NOT NULL,
  `p_name` varchar(100) NOT NULL,
  `p_location` varchar(1000) NOT NULL,
  `p_desc` varchar(1000) NOT NULL,
  `p_image` varchar(100) NOT NULL,
  `p_map` varchar(1000) NOT NULL,
  `p_hotelid` int(100) NOT NULL,
  `p_rating` int(100) NOT NULL,
  `p_category` varchar(100) NOT NULL
) ENGINE=InnoDB DEFAULT CHARSET=latin1;

--
-- Dumping data for table `places`
--

INSERT INTO `places` (`p_id`, `p_name`, `p_location`, `p_desc`, `p_image`, `p_map`, `p_hotelid`, `p_rating`, `p_category`) VALUES
(1, 'BANDIPUR NATIONAL PARK', 'Karnataka', 'Bandipur National Park established in 1974 as a tiger reserve under Project Tiger, is a national park located in the south Indian state of Karnataka.\r\nThe park spans an area of 874 square kilometres (337 sq mi), protecting several species of India\'s endangered wildlife. Together with the adjoining Nagarhole National Park (643 km2 (248 sq mi)), Mudumalai National Park (320 km2 (120 sq mi)) and Wayanad Wildlife Sanctuary (344 km2 (133 sq mi)), it is part of the Nilgiri Biosphere Reserve totalling 2,183 km2 (843 sq mi) making it the largest protected area in southern India and largest habitat of wild elephants in south Asia.\r\n', 'bandipur.jpg,bandipur1.jpg,bandipur4.jpg,Bandipur3.jpg,bandipur5.jpg', 'https://www.google.com/maps/embed?pb=!1m18!1m12!1m3!1d3907.3822150381293!2d76.62643611480888!3d11.667301491720854!2m3!1f0!2f0!3f0!3m2!1i1024!2i768!4f13.1!3m3!1m2!1s0x3ba8aaa8dde6363b%3A0x120624bbcf55937b!2sBandipur+National+Park!5e0!3m2!1sen!2sin!4v1479446581889', 3, 4, 'Adventurous'),
(2, 'HELEBIDU', 'Karnataka', 'Halebidu(meaning "old city") is located in Hassan District, Karnataka.Halebidu was the regal capital of the Hoysala Empire in the 12th century. It is home to some of the best examples of Hoysala architecture. Most notable are the ornate Hoysaleswara and Kedareswara temples.\r\nHalebidu was the 12th-13th century capital of the Hoysala empire.\r\n', 'halebidu.jpg,halebidu1.jpg,halebidu2.jpg,Halebidu3.jpg,Halebidu4.jpg', 'https://www.google.com/maps/embed?pb=!1m18!1m12!1m3!1d3884.2076796182314!2d75.98920431540212!3d13.21227409069827!2m3!1f0!2f0!3f0!3m2!1i1024!2i768!4f13.1!3m3!1m2!1s0x3bbacc77ed23ccfd%3A0xef3f6d83c56403c9!2sHalebidu+Archaelogical+Site!5e0!3m2!1sen!2sin!4v1479446699551', 3, 5, 'Heritage'),
(3, 'MULLAYANAGIRI', 'Karnataka', 'Mulayyanagiri is the highest peak in Karnataka.Mulayyanagiri in the Chandra Dhrona Hill Ranges of the Western Ghats of Chikkamagaluru Taluk. With a height of 1,925 metres it is one of the highest peak between the Himalayas and the Nilgiris.\r\nMullayanagiri is one of the best trekking places in Karnataka and South India. The Sunset presents a spectacular view from the peak. The summit of Mullayanagiri also houses a police radio relay station.', 'mullayanagiri.jpg,mullayanagiri1.jpg,Mullayanagiri3.jpg,Mullayanagiri4.jpg,Mullayanagiri5.jpg', 'https://www.google.com/maps/embed?pb=!1m18!1m12!1m3!1d31050.75743007663!2d75.70387937183726!3d13.390971147220096!2m3!1f0!2f0!3f0!3m2!1i1024!2i768!4f13.1!3m3!1m2!1s0x3bbad8a3b6900ead%3A0x1269f0bce39140e4!2sMullayyanagiri!5e0!3m2!1sen!2sin!4v1479447818654', 4, 3, 'Adventurous'),
(4, 'HAMPI', 'Karnataka', 'Hampi (Hampe) is a village and temple town recognised as a UNESCO World Heritage Site, listed as the Group of Monuments at Hampi. in northern Karnataka, India. It was one of the richest and largest cities in the world during its prime. It is located within the ruins of the city of Vijayanagara, the former capital of the Vijayanagara Empire. Predating the city of Vijayanagara, Hampi continues to be an important religious centre, housing the Virupaksha Temple and several other monuments belonging to the old city. According to statistics of 2014, Hampi is the most searched historical place in Karnataka on Google. The empire boasted a massive army comprising close to two million men. In around 1500 AD Vijaynagar had about 500,000 inhabitantsmaking it the second largest city in the world after Beijing and almost thrice the size of Paris. ', 'HAMPI.jpg,Hampi1.jpg,Hampi2.jpg,Hampi3.jpg,Hampi4.jpg', 'https://www.google.com/maps/embed?pb=!1m18!1m12!1m3!1d7695.596325730787!2d76.45895732148318!3d15.333200154324858!2m3!1f0!2f0!3f0!3m2!1i1024!2i768!4f13.1!3m3!1m2!1s0x3bb77fd95d4be823%3A0x6e52e05076df36b8!2sHampi%2C+Karnataka+583239!5e0!3m2!1sen!2sin!4v1479804629328', 3, 3, 'Heritage'),
(5, 'BAKEL FORT', 'Kerala', 'Bekal Fort is the largest fort in Kerala situated at Bekal village in Kasaragod district,North Kerala and it is 67 km from Mangalore spreading over 40 acres 160000 m2.', 'bakelfort4.jpg,bakelfort1.jpg,bakelfort3.jpg,bakelfort2.jpg,bakelfort5.jpg', 'https://www.google.com/maps/embed?pb=!1m18!1m12!1m3!1d3896.855370084109!2d75.03086921481602!3d12.392613391237598!2m3!1f0!2f0!3f0!3m2!1i1024!2i768!4f13.1!3m3!1m2!1s0x3ba480997024825b%3A0xdfa93a3077d7b271!2sBekal+Fort!5e0!3m2!1sen!2sin!4v1479803935346', 4, 5, 'Vacations'),
(6, 'PARAMBIKULAM', 'Kerala', 'Parambikulam Tiger Reserve, which also includes the erstwhile Parambikulam Wildlife Sanctuary, is a 391 square kilometres (151.0 sq mi)protected area in Chittur taluk in Palakkad district of Kerala state, South India. The wildlife sanctuary, which had an area of 285 square kilometres (110 sq mi) was established in 1973. It is in the Sungam range of hills between the Anaimalai Hills and Nelliampathy Hills. Parambikulam Wildlife Sanctuary was declared as part of the Parambikulam Tiger Reserve on February 19, 2010. Including the buffer zone, the tiger reserve has a span of 643.66 km2. The Western Ghats, Anamalai Sub-Cluster, including all of Parambikulam Wildlife Sanctuary, is under consideration by the UNESCO World Heritage Committee for selection as a World Heritage Site.The sanctuary is the home of four different tribes of indigenous peoples including the Kadar, Malasar, Muduvar and Mala Malasar settled in six colonies. ', 'munnar_1_5.jpg,Parambikulam5.jpg,parambikulam3.jpg,parambikulam1.jpg,parambikulam2.jpg', 'https://www.google.com/maps/embed?pb=!1m18!1m12!1m3!1d3924.361220727103!2d76.77343331479742!3d10.392858092582518!2m3!1f0!2f0!3f0!3m2!1i1024!2i768!4f13.1!3m3!1m2!1s0x3ba81db91f990ee1%3A0xbe2bd65c610576c4!2sParambikulam+Tiger+Reserve!5e0!3m2!1sen!2sin!4v1479543783170', 3, 4, 'Adventurous'),
(7, 'PERIYAN', 'Kerala', 'Periyar Tiger Reserve, Thekkady, is an example of natures bounty with great scenic charm, rich bio diversity and providing veritable visitor satisfaction. Sprawled over an area of 925 Sq. Periyar is one of the 48 tiger reserves in India. Zealously guarded and efficiently managed reserve is a repository of rare, endemic and endangered flora and fauna and forms the major watershed of two important rivers of Kerala, the Periyar and Pamba. Periyar National Park and Wildlife Sanctuary (PNP) is a protected area in the districts of Idukki, Kottayam and Pathanamthitta in Kerala, India. It is notable as an elephant reserve and a tiger reserve. The protected area covers an area of 925 km2 (357 sq mi). 305 km of the core zone was declared as the Periyar National Park in 1982.', 'periyan.jpg,periyan.jpg,periyan3.jpg,periyan2.jpg,periyan4.jpg', 'https://www.google.com/maps/embed?pb=!1m18!1m12!1m3!1d12333.401370265101!2d77.14754653272459!3d9.620830919062557!2m3!1f0!2f0!3f0!3m2!1i1024!2i768!4f13.1!3m3!1m2!1s0x3b06f8812df2a199%3A0x468af17958c54ae8!2sThekkady%2C+Kumily%2C+Kerala!5e0!3m2!1sen!2sin!4v1479800078575', 3, 4, 'Adventurous'),
(8, 'MUNNAR', 'Kerala', 'Munnar is a town and hill station located in the Idukki district of the southwestern Indian state of Kerala. Munnar is situated at around 1,600 metres (5,200 ft) above mean sea level,in the Western Ghats range of mountains.', 'munnar_1_2.jpg,munnar4.jpg,munnar_1_9.jpg,munnar_1_7.jpg,munnar_1_8.jpg', 'https://www.google.com/maps/embed?pb=!1m18!1m12!1m3!1d31425.7992658797!2d77.04666826979549!3d10.08064908892932!2m3!1f0!2f0!3f0!3m2!1i1024!2i768!4f13.1!3m3!1m2!1s0x3b0799794d099a6d%3A0x63250e5553c7e0c!2sMunnar%2C+Kerala+685612!5e0!3m2!1sen!2sin!4v1479544036164', 3, 4, 'Vacations'),
(9, 'KANYAKUMARI', 'TamilNadu', 'Kanyakumari, also known as Kanniyakumari, formerly known as Cape Comorin, is a town in Kanyakumari District in the state of Tamil Nadu in India. The name comes from the Devi Kanya Kumari Temple in the region. It is the southernmost tip of peninsular India. Kanyakumari town is the southern tip of the Cardamom Hills, an extension of the Western Ghats range. The nearest town is Nagercoil, the administrative headquarters of Kanyakumari District, 22 km away. Kanyakumari has been a town since Sangam period and is a popular tourist destination.', 'kanyakumari1.jpg,kanyakumari3.jpg,kanyakumari.jpg,Kanyakumari2.jpg,kanyakumari5.jpg', 'https://www.google.com/maps/embed?pb=!1m18!1m12!1m3!1d31601.15238368679!2d77.52836081884075!3d8.086788677375178!2m3!1f0!2f0!3f0!3m2!1i1024!2i768!4f13.1!3m3!1m2!1s0x3b04ed3d2a087861%3A0x1e790e896aeffaa0!2sKanyakumari%2C+Tamil+Nadu!5e0!3m2!1sen!2sin!4v1479542075096', 3, 5, 'Vacations'),
(10, 'RAMESHWARAM', 'TamilNadu', 'Ramanathaswamy Temple is a Hindu temple dedicated to the god Shiva located on Rameswaram island in the state of Tamil Nadu, India. It is also one of the twelve Jyotirlinga temples.It is one of the 274 Paadal Petra Sthalams, where the three of the most revered Nayanars (Saivite saints), Appar, Sundarar and Tirugnana Sambandar, have glorified the temple with their songs.\r\nThe temple was expanded during the 12th century by Pandya Dynasty, and its principal shrines sanctum were renovated by Jeyaveera Cinkaiariyan and his successor Gunaveera Cinkaiariyan of the Jaffna kingdom. The temple has the longest corridor among all Hindu temples in India.The temple is located in Rameswaram considered a holy pilgrimage site for Shaivites, Vaishnavites and Smarthas. The presiding deity, the Lingam of Ramanathaswamy (Shiva), is believed to have been established and worshiped by Rama, an avatar of the god Vishnu, to absolve the sins created during the Ramayana war at Sri Lanka.\r\n', 'rameshwaram1.jpg,rameshwaram2.jpg,rameshwaram3.jpg,Rameshwaram5.jpg,rameshwaram.jpg', 'https://www.google.com/maps/embed?pb=!1m18!1m12!1m3!1d15750.096540800683!2d79.30287831973743!3d9.286739620026083!2m3!1f0!2f0!3f0!3m2!1i1024!2i768!4f13.1!3m3!1m2!1s0x3b01e3c4e61cf2b3%3A0xd667f9b98bbd63a1!2sRameswaram%2C+Tamil+Nadu+623526!5e0!3m2!1sen!2sin!4v1479541145408', 4, 3, 'Vacations'),
(11, 'THANJAVUR', 'TamilNadu', 'Thanjavur, formerly Tanjore,is a city in the south Indian state of Tamil Nadu. Thanjavur is an important center of South Indian religion, art, and architecture. Most of the Great Living Chola Temples, which are UNESCO World Heritage Monuments, are located in and around Thanjavur. The foremost among these, the Brihadeeswara Temple, is located in the centre of the city. Thanjavur is also home to Tanjore painting, a painting style unique to the region.', 'Thanjavur.jpg,thanjavur.jpg,Thanjavur3.jpg,Thanjavur4.jpg,Thanjavur5.jpg', 'https://www.google.com/maps/embed?pb=!1m18!1m12!1m3!1d125432.31599634221!2d79.0614083509066!3d10.752980707754947!2m3!1f0!2f0!3f0!3m2!1i1024!2i768!4f13.1!3m3!1m2!1s0x3baab89cea453039%3A0xe113da9b1f632be6!2sThanjavur%2C+Tamil+Nadu!5e0!3m2!1sen!2sin!4v1479542142342', 4, 5, 'Heritage'),
(12, 'KODAIKANAL', 'TamilNadu', 'Kodaikanal is a city in the hills of the Dindigul district in the state of Tamil Nadu, India. Its name in the Tamil language means "The Gift of the Forest". Kodaikanal is referred to as the "Princess of Hill stations" and has a long history as a retreat and popular tourist destination.\r\nKodaikanal was established in 1845 as a refuge from the high temperatures and tropical diseases of the plains. Much of the local economy is based on the hospitality industry serving tourism. As of 2011, the town had a population for 36,501.\r\n', 'kodaikana3.jpg,kodaikanal4.jpg,kodaikanal5.jpg,kodaikanal2.jpg,kodai1.jpg', 'https://www.google.com/maps/embed?pb=!1m18!1m12!1m3!1d62821.23983257677!2d77.46185239941079!3d10.235149278617813!2m3!1f0!2f0!3f0!3m2!1i1024!2i768!4f13.1!3m3!1m2!1s0x3b0766637f0a0387%3A0x9ffae9373758c13c!2sKodaikanal%2C+Tamil+Nadu!5e0!3m2!1sen!2sin!4v1479805466841', 3, 4, 'Vacations'),
(13, 'IRON PILLAR', 'Delhi', 'The Iron Pillar located in Delhi, India, is a 7 m column in the Qutb complex, notable for the rust-resistant composition of the metals used in its construction.\r\nThe pillar has attracted the attention of archaeologists and materials scientists and has been called a testament to the skill of ancient Indian blacksmiths because of its high resistance to corrosion.The corrosion resistance results from an even layer of crystalline iron hydrogen phosphate hydrate forming on the high phosphorus content iron, which serves to protect it from the effects of the local Delhi climate.\r\nThe pillar weighs over 6,000 kg and is thought to have originally been erected in what is now Udayagiri by one of the Gupta monarchs in approximately 402 AD, though the precise date and location are a matter of dispute.It was transported to its current location in 1233 AD.', 'ironpillar.jpg,ironpillar1.jpg,ironpillar2.jpg,ironpillar4.jpg,ironpillar5.jpg', 'https://www.google.com/maps/embed?pb=!1m18!1m12!1m3!1d3505.4978869097745!2d77.18277731459278!3d28.524750895702756!2m3!1f0!2f0!3f0!3m2!1i1024!2i768!4f13.1!3m3!1m2!1s0x390d1e06444e0329%3A0x33e8227f574762d0!2sIron+Pillar!5e0!3m2!1sen!2sin!4v1479837545084', 3, 5, 'Heritage'),
(14, 'RED FORT', 'Delhi', '\r\nThe Red Fort was the residence of the Mughal emperor for nearly 200 years, until 1857. It is located in the centre of Delhi and houses a number of museums. In addition to accommodating the emperors and their households, it was the ceremonial and political centre of Mughal government and the setting for events critically impacting the region.', 'redfort.jpg,redfort1.jpg,redfort2.jpg,redfort3.jpg,redfort4.jpg', 'https://www.google.com/maps/embed?pb=!1m18!1m12!1m3!1d3501.1187144242986!2d77.23883161459582!3d28.656163889762848!2m3!1f0!2f0!3f0!3m2!1i1024!2i768!4f13.1!3m3!1m2!1s0x390cfce26ec085ef%3A0x441e32f4fa5002fb!2sRed+Fort!5e0!3m2!1sen!2sin!4v1479837611807', 3, 4, 'Heritage'),
(15, 'QUTUB MINAR', 'Delhi', 'Qutb Minar,(also spelled Qutub Minar) at 73 metres, is the tallest brick minaret in the world and second highest minar in India after Fateh Burj at Punjab, India. Qutb Minar, along with the ancient and medieval monuments surrounding it, form the Qutb complex, which is a UNESCO World Heritage Site.The tower is located in the Mehrauli area of Delhi, India. The Minaret of Jam, a UNESCO World Heritage Site in western Afghanistan, is thought to have been a direct inspiration for the Qutb Minar in Delhi, which was also built by the Ghori (Mamluk) Dynasty. Made of red sandstone and marble, Qutb Minar is a 73-metres (240 feet) tall tapering tower with a diameter measuring 14.3 metres at the base and 2.7 metres  at the peak.Inside the tower, a circular staircase with 379 steps leads to the top.Qutb Minar station is the closest station on the Delhi Metro.\r\n', 'qutub.jpg,qutub1.jpg,qutub2.jpg,qutub3.jpg,qutub4.jpg', 'https://www.google.com/maps/embed?pb=!1m18!1m12!1m3!1d3505.5084648272564!2d77.18326721459277!3d28.52443279571711!2m3!1f0!2f0!3f0!3m2!1i1024!2i768!4f13.1!3m3!1m2!1s0x390d1e0667819b4f%3A0x834995f160759db8!2sQutub+Minar!5e0!3m2!1sen!2sin!4v1479837729184', 4, 4, 'Heritage'),
(16, 'RASHTRAPATI BHAVAN', 'Delhi', 'The Rashtrapati bhavan is the official home of the President of India, located at the Western end of Rajpath in New Delhi. It may refer to only the mansion that has the president  official residence, halls, guest rooms and offices it may also refer to the entire 130 hectare President Estate that additionally includes huge presidential gardens , large open spaces, residences of bodyguards and staff, stables, other offices and utilities within its perimeter walls. The main palace building was formerly known as Viceroys House. In terms of area, it was the largest residence of a head of state in the world.', 'rashtrapati.jpg,rashtrapati1.jpg,rashtrapati2.jpg,rashtrapati3.jpg,rashtrapati4.jpg,', 'https://www.google.com/maps/embed?pb=!1m18!1m12!1m3!1d3502.513618588379!2d77.19743231459488!3d28.614364691654796!2m3!1f0!2f0!3f0!3m2!1i1024!2i768!4f13.1!3m3!1m2!1s0x390ce2a99b6f9fa7%3A0x83a25e55f0af1c82!2sRashtrapati+Bhavan!5e0!3m2!1sen!2sin!4v1479837751717', 4, 5, 'Heritage'),
(17, 'DELHI CANTONMENT', 'Delhi', 'Delhi Cantonment (popularly referred to as Delhi Cantt) was established in 1914. Until February 1938, the Cantonment Board Delhi was known as the Cantt authority. The area of the Cantonment is approx. 10,521 acres (4,258 ha). At the 2011 census, the population of the Cantonment was 116,352. The Delhi Cantonment is as Class I Cantonment Board.\r\n', 'cantonment.jpg,cantonment1.jpg,cantonment2.jpg,cantonment3.jpg,cantonment4.jpg,', 'https://www.google.com/maps/embed?pb=!1m18!1m12!1m3!1d56049.18687666244!2d77.08803479899538!3d28.597551363529103!2m3!1f0!2f0!3f0!3m2!1i1024!2i768!4f13.1!3m3!1m2!1s0x390d1cea3e56dd05%3A0xb4616dffb2450129!2sDelhi+Cantonment%2C+New+Delhi%2C+Delhi!5e0!3m2!1sen!2sin!4v1479837423717', 4, 4, 'Mysterious Escavations'),
(18, 'AKSHARDHAM', 'Gujarat', 'Swaminarayan Akshardham in Gandhinagar, Gujarat is a large Hindu temple complex inspired by Pramukh Swami, the former spiritual head of BAPS Swaminarayan Sanstha. Located in the capital of Gujarat, the complex was built over 13 years and is a tribute to Swaminarayan and his life and teachings. At the center of the 23acre complex is the Akshardham mandir, which is built from 6,000 metric tons of pink sandstone from Rajasthan. The complexs name refers to the divine abode of Swaminarayan in the BAPS philosophy; followers of Swaminarayan believe that the jiva or soul goes to Akshardham after attaining moksha, or liberation. BAPS followers worship Swaminarayan as God almighty.', 'akshardham5.jpg,akshardham1.jpg,akshardham4.jpg,akshardham3.jpg,akshardham2.jpg,akshardham1.jpg', 'https://www.google.com/maps/embed?pb=!1m14!1m8!1m3!1d14665.523698971949!2d72.6741109!3d23.2292215!3m2!1i1024!2i768!4f13.1!3m3!1m2!1s0x0%3A0x9777963dd1f06126!2sAkshardham!5e0!3m2!1sen!2sin!4v1479835862031', 4, 4, 'Heritage'),
(19, 'LAXMI VILAS PALACE', 'Gujarat', 'The term Maharaja Palace actually refers to a series of palaces in Vadodara, Gujarat, India, constructed since the Gaekwad, a prominent Maratha family, started ruling the Baroda State. The first one was a building known as the Sarkar Wada. This building, not really a palace, was given up for the Nazarbaug Palace built in old classical style.', 'laxmivilas1.jpg,laxmivilas2.jpg,laxmivilas3.jpg,laxmivilas4.jpg,laxmivilas5.jpg', 'https://www.google.com/maps/embed?pb=!1m14!1m8!1m3!1d14766.351164477073!2d73.1919074!3d22.2935993!3m2!1i1024!2i768!4f13.1!3m3!1m2!1s0x0%3A0x21b69c177c300b0b!2sLaxmi+Vilas+Palace!5e0!3m2!1sen!2sin!4v1479835946155', 4, 5, 'Heritage'),
(20, 'MAHABAT MAQBARA', 'Gujarat', 'Mahabat (not Mohabbat) Maqbara Palace, also Mausoleum of Bahaduddinbhai Hasainbhai, is a mausoleum in Junagadh, India, that was once home to the Nawabs of Junagadh.', 'Mahabat1.jpg,Mahabat2.jpg,Mahabat3.jpg,Mahabat4.jpg,Mahabat5.jpg', 'https://www.google.com/maps/embed?pb=!1m14!1m8!1m3!1d14846.002422719623!2d70.4602656!3d21.5272724!3m2!1i1024!2i768!4f13.1!3m3!1m2!1s0x0%3A0x2006a2f2a0c7c7d3!2sMahabat+Maqbara!5e0!3m2!1sen!2sin!4v1479836024808', 3, 4, 'Heritage'),
(21, 'WHITE DESERT', 'Gujarat', 'The Great Rann of Kutch is a seasonal salt marsh located in the Thar Desert in the Kutch District of Gujarat, India and the Sindh province of Pakistan. It is about 7,505.22 square kilometres (2,897.78 sq mi) in size and is reputed to be one of the largest salt deserts in the world. This area has been inhabited by the Kutchi people.', 'whitedesert1.jpg,whitedesert2.jpg,whitedesert3.jpg,whitedesert4.jpg,whitedesert5.jpg,', 'https://www.google.com/maps/embed?pb=!1m18!1m12!1m3!1d3649.5642424480607!2d69.52020061423444!3d23.834089691492654!2m3!1f0!2f0!3f0!3m2!1i1024!2i768!4f13.1!3m3!1m2!1s0x3951c88a99340cf5%3A0x1c1bdb2330d3fd17!2sWhite+Desert%2FRann+Of+Kachchh!5e0!3m2!1sen!2sin!4v1479836153596', 3, 5, 'Adventurous'),
(22, 'DACHIGAM NATIONAL PARK', 'JammuandKashmir', 'Dachigam National Park is located 22 kilometers from Srinagar, Jammu and Kashmir. It covers an area of 141 kmsq. The name of the park literally stands for ten villages which could be in memory of the ten villages that were relocated for its formation.\r\nThe park has been a protected area since 1910, first under the care of the Maharaja of Jammu and Kashmir and later under the observation of the concerned government authorities. It was initially created to ensure clean drinking water supply for the city of Srinagar. It was finally upgraded and declared a National Park in the year 1981.\r\n', 'dachigam1.jpg,dachigam2.jpg,dachigam3.jpg,dachigam4.jpg,dachigam5.jpg', 'https://www.google.com/maps/embed?pb=!1m18!1m12!1m3!1d3302.3577679042214!2d75.03556141500988!3d34.13718792069663!2m3!1f0!2f0!3f0!3m2!1i1024!2i768!4f13.1!3m3!1m2!1s0x38e18ff66de4f5a1%3A0x5d09f338a9bf1496!2sDachigam+National+Park!5e0!3m2!1sen!2sin!4v1481810322207', 3, 5, 'Adventurous'),
(23, 'DRASS', 'JammuandKashmir', 'Dras is a town in the Kargil District of Jammu and Kashmir, India on National Highway 1D NH 1D. It is often called The Gateway to Ladakh.The town shot into prominence in the summer of 1999 following Pakistani army incursions into Jammu and Kashmir. The Kargil War saw the town being shelled by the Pakistani army and the war ended with the Indian Army recapturing the areas surrounding the town and the Kargil district.', 'drass1.jpg,drass2.jpg,drass3.jpg,drass4.jpg,drass5.jpg', 'https://www.google.com/maps/embed?pb=!1m18!1m12!1m3!1d26327.51642394215!2d75.7306478842243!3d34.42829050068764!2m3!1f0!2f0!3f0!3m2!1i1024!2i768!4f13.1!3m3!1m2!1s0x38e301a9623197c3%3A0xb0db567896cb47b2!2sDras+194102!5e0!3m2!1sen!2sin!4v1481810283107', 3, 5, 'Adventurous'),
(24, 'LEH', 'JammuandKashmir', 'Leh, was the capital of the Himalayan kingdom of Ladakh, now the Leh district in the Indian state of Jammu and Kashmir. Leh district, with an area of 45,110 kmsq, is the second largest district in the country, after Kutch, Gujarat. The town is dominated by the ruined Leh Palace, the former mansion of the royal family of Ladakh, built in the same style and about the same time as the Potala Palace-the chief residence of the Dalai Lama until the 14th Dalai Lama fled to Dharamsala, India, during the 1959 Tibetan uprising. Leh is at an altitude of 3524 metres, and is connected via National Highway 1D to Srinagar in the southwest and to Manali in the south via the Leh-Manali Highway. In 2010, Leh was heavily damaged by the sudden floods caused by a cloud burst.', 'leh1.jpg,leh2.jpg,leh3.jpg,leh4.jpg,leh5.jpg,leh6.jpg', 'https://www.google.com/maps/embed?pb=!1m18!1m12!1m3!1d52819.49797254846!2d77.53171865606262!3d34.16632769554906!2m3!1f0!2f0!3f0!3m2!1i1024!2i768!4f13.1!3m3!1m2!1s0x38fdeb21445fed85%3A0xd1bb09975086f710!2sLeh!5e0!3m2!1sen!2sin!4v1481810238439', 4, 4, 'Adventurous'),
(25, 'SRINAGAR', 'JammuandKashmir', 'Srinagar is the largest city and the summer capital of the Indian state of Jammu and Kashmir. It lies on the banks of the Jhelum River, a tributary of the Indus, and Dal and Anchar lakes. The city is famous for its gardens, waterfronts and houseboats. It is also known for traditional Kashmiri handicrafts and dried fruits.', 'sri1.jpg,sri2.jpg,sri3.jpg,sri4.jpg,sri5.jpg', 'https://www.google.com/maps/embed?pb=!1m18!1m12!1m3!1d105713.38252878285!2d74.73671481394949!3d34.106840763505275!2m3!1f0!2f0!3f0!3m2!1i1024!2i768!4f13.1!3m3!1m2!1s0x38e1855686e3c5ef%3A0x66244b7cc1e305c6!2sSrinagar!5e0!3m2!1sen!2sin!4v1481810263530', 4, 5, 'Adventurous'),
(26, 'STOK', 'JammuandKashmir', 'Stok is a village in the Leh district of Jammu and Kashmir, India.It is located in the Leh tehsil, in the Indus Valley 17 km southeast of the Leh town.\r\nThe village is home to the 14th century Stok Monastery, with its 71 feet high seated Gautama Buddha statue, constructed between 2012-2015 and consecrated by HH the Dalai Lama on 8 August 2016.', 'stok1.jpg,stok2.jpg,stok3.jpg,stok4.jpg,stok5.jpg', 'https://www.google.com/maps/embed?pb=!1m18!1m12!1m3!1d26440.72290513807!2d77.53272763365189!3d34.067197759080194!2m3!1f0!2f0!3f0!3m2!1i1024!2i768!4f13.1!3m3!1m2!1s0x38fd92b9fe9c4a79%3A0xa6979b3255e47860!2sStok+194101!5e0!3m2!1sen!2sin!4v1481810352964', 4, 5, 'Adventurous'),
(27, 'AKAL TAKTH', 'Punjab', 'The Akal Takht meaning throne of the timeless one, is one of five takhts (seats of power) of the Sikh religion. It is located in the Harmandir Sahib (Golden Temple) complex in Amritsar, Panjab, about 290 miles (470 km) northwest of New Delhi. The Akal Takht was built by Guru Hargobind as a place of justice and consideration of temporal issues the highest seat of earthly authority of the Khalsa (the collective body of the Sikhs) and the place of the Jathedar, the highest spokesman of the Sikh Nation. The current Jathedar of Akal Takht is Jagtar Singh Hawara.\r\n', 'Akaltakth1.jpg,Akaltakth2.jpg,Akaltakth3.jpg,Akaltakth4.jpg,Akaltakth5.jpg', 'https://www.google.com/maps/embed?pb=!1m18!1m12!1m3!1d3397.4827221819255!2d74.87323271515305!3d31.62063098133659!2m3!1f0!2f0!3f0!3m2!1i1024!2i768!4f13.1!3m3!1m2!1s0x39197ca9c88a2dcb%3A0x2eee525182afcfcd!2sAkal+Takht!5e0!3m2!1sen!2sin!4v1479808003948', 4, 5, 'Heritage'),
(28, 'HARIKE', 'Punjab', 'Harike Wetland also known as Hari ke Pattan, with the Harike Lake in the deeper part of it, is the largest wetland in northern India in the border of Tarn Taran Sahib district and Ferozepur district of the Punjab state in India.\r\nThe wetland and the lake were formed by constructing the headworks across the Sutlej river, in 1953. The headworks is located downstream of the confluence of the Beas  and Sutlej rivers. The rich biodiversity of the wetland which plays a vital role in maintaining the precious hydrological balance in the catchment with its vast concentration of migratory fauna of waterfowls including a number of globally threatened species (stated to be next only to the Keoladeo National Park near Bharatpur) has been responsible for the recognition accorded to this wetland in 1990, by the Ramsar Convention, as one of the Ramasar sites in India, for conservation, development and preservation of the ecosystem.', 'Harike1.jpg,Harike2.jpg,Harike3.jpg,Harike4.jpg,Harike5.jpg', 'https://www.google.com/maps/embed?pb=!1m18!1m12!1m3!1d27310.638241509787!2d75.18249039218664!3d31.16999831514378!2m3!1f0!2f0!3f0!3m2!1i1024!2i768!4f13.1!3m3!1m2!1s0x391a3d00b4e8acef%3A0xfec60bfa07022be4!2sHarike+Wetland!5e0!3m2!1sen!2sin!4v1479808282585', 4, 5, 'Vacations'),
(29, 'DURGIANA TEMPLE', 'Punjab', 'The Durgiana Temple, also known by other names of Lakshmi Narayan Temple, Durga Tirath and Sitla Mandir, is a premier Hindu temple of Punjab (India) situated in the city of Amritsar. Though a Hindu temple, its architecture is similar to the Golden Temple of Sikh religion. This temple derives its name from the Goddess Durga, the chief Goddess deified and worshipped here. Idols of Goddess Laksmi (goddess of wealth) and Vishnu (the protector of the world) are also deified here and worshipped.', 'Durgianatemple1.jpg,Durgianatemple2.jpg,Durgianatemple3.jpg,Durgianatemple4.jpg,Durgianatemple5.jpg', 'https://www.google.com/maps/embed?pb=!1m18!1m12!1m3!1d3397.2425850613904!2d74.86517331515319!3d31.62720778133443!2m3!1f0!2f0!3f0!3m2!1i1024!2i768!4f13.1!3m3!1m2!1s0x39197b534d010ed7%3A0x8d1069396c83d5c3!2sShree+Durgiana+Tirath!5e0!3m2!1sen!2sin!4v1479806600346', 3, 4, 'Heritage'),
(30, 'HARMANDIR(Golden Temple)', 'Punjab', 'Sri Harmandir Sahib and informally referred to as the Golden Temple, is the holiest Gurdwara of Sikhism, located in the city of Amritsar, Punjab, India. Amritsar (literally, the tank of nectar of immortality) was founded in 1577 by the fourth Sikh guru, Guru Ram Das. The fifth Sikh Guru, Guru Arjan, designed the Harmandir Sahib to be built in the centre of this holy tank, and upon its construction, installed the Adi Granth, the holy scripture of Sikhism, inside the Harmandir Sahib. The Harmandir Sahib complex is also home to the Akal Takht (the throne of the timeless one, constituted by the Sixth Guru, Guru Hargobind). While the Harmandir Sahib is regarded as the abode of Gods spiritual attribute, the Akal Takht is the seat of Gods temporal authority. ', 'Harmandir1.jpg,Harmandir2.jpg,Harmandir3.jpg,Harmandir4.jpg,Harmandir5.jpg', 'https://www.google.com/maps/embed?pb=!1m18!1m12!1m3!1d3397.5064786013554!2d74.87429621515307!3d31.619980281336808!2m3!1f0!2f0!3f0!3m2!1i1024!2i768!4f13.1!3m3!1m2!1s0x39197ca8f667bd97%3A0x604384897626248e!2sHarmandir+Sahib!5e0!3m2!1sen!2sin!4v1479806129040', 4, 5, 'Heritage'),
(31, 'RANTHAMBORE NATIONAL PARK', 'rajasthan', 'Ranthambore National Park or Ranthambhore is one of the largest national parks in northern India, covering entire area of 392 kmsq. It is situated in the Sawai Madhopur district of southeastern Rajasthan, about 110 km northeast of Kota and 160 km southeast of Jaipur, which is also the nearest airport. The nearest town and railway station is at Sawai Madhopur, about 11 km away. The park is also close to the Kota railway station. RIDCOR operates a mega highway between Kota and Ranthambhore. Ranthambore National Park lies at the edge of a plateau and is bounded to the north by the Banas River and to the south by the Chambal River. It is named after the historic Ranthambhore fortress, which lies within the park.', 'ranth1.jpg,ranth2.jpg,ranth3.jpg,ranth4.jpg,ranth5.jpg', 'https://www.google.com/maps/embed?pb=!1m18!1m12!1m3!1d57362.26293764849!2d76.45910311065742!3d26.028928006569693!2m3!1f0!2f0!3f0!3m2!1i1024!2i768!4f13.1!3m3!1m2!1s0x3971d8f668d65517%3A0x6eb9f78b60bac925!2sRanthambore+National+Park!5e0!3m2!1sen!2sin!4v1481908742993', 3, 5, 'Adventurous'),
(32, 'UDAIPUR', 'rajasthan', 'Udaipur is a major city, municipal corporation and the administrative headquarters of the Udaipur district in the Indian state of Rajasthan.It is the historic capital of the kingdom of Mewar in the former Rajputana Agency. Maharana Udai Singh of the Sisodia clan of Rajput founded the city 1553, and shifted his capital from the city of Chittorgarh to Udaipur. It remained as the capital city till 1818 when it became a British princely state, and thereafter the Mewar province became a part of Rajasthan when India gained independence in 1947.Udaipur is a very popular tourist destination. Known for its history, culture, scenic locations and the Rajput era palaces.', 'uda1.jpg,uda2.jpg,uda3.jpg,uda4.jpg,uda5.jpg', 'https://www.google.com/maps/embed?pb=!1m18!1m12!1m3!1d116078.16294626304!2d73.63701790392116!3d24.608426068650754!2m3!1f0!2f0!3f0!3m2!1i1024!2i768!4f13.1!3m3!1m2!1s0x3967e56550a14411%3A0xdbd8c28455b868b0!2sUdaipur%2C+Rajasthan!5e0!3m2!1sen!2sin!4v1481908509799', 4, 5, 'Heritage'),
(33, 'JAISALMER', 'rajasthan', 'Jaisalmer, nicknamed The Golden city, is a city in the Indian state of Rajasthan, located 575 kilometres west of the state capital Jaipur. Once known as Jaisalmer state it is a World Heritage Site. The town stands on a ridge of yellowish sandstone, crowned by a fort, which contains the palace and several ornate Jain temples. Many of the houses and temples are finely sculptured. It lies in the heart of the Thar Desert the Great Indian Desert and has a population of about 78,000. It is the administrative headquarters of Jaisalmer District.\r\n', 'jai1.jpg,jai2.jpg,jai3.jpg,jai4.jpg,jai5.jpg', 'https://www.google.com/maps/embed?pb=!1m18!1m12!1m3!1d56927.92139336562!2d70.85971061490037!3d26.903651024087836!2m3!1f0!2f0!3f0!3m2!1i1024!2i768!4f13.1!3m3!1m2!1s0x3947bc28aa1b396b%3A0xf5ef9bd660d66ee3!2sJaisalmer%2C+Rajasthan+345001!5e0!3m2!1sen!2sin!4v1481908622296', 4, 5, 'Vacations'),
(34, 'BHANGARH FORT', 'rajasthan', 'There are two legends narrated to the history of the fort city, which is reported to be haunted, and no one is allowed to remain in the precincts of the fort at night, per a notice board put up by the Archaeological Survey of India at the entrance.\r\nOne version of the legend is that a sadhu named Baba Balak Nath lived within the fort area. It was his injunction that any houses built in the precincts of the fort should not be taller than his house, and if the shadow of any such house fell on his house, it would result in destruction of the fort town.', 'bha5.jpg,bha1.jpg,bha4.jpg,bha3.jpg,bha2.jpg', 'https://www.google.com/maps/embed?pb=!1m18!1m12!1m3!1d3551.905448793125!2d76.28470621485613!3d27.096277058686965!2m3!1f0!2f0!3f0!3m2!1i1024!2i768!4f13.1!3m3!1m2!1s0x396d8522c8a74f25%3A0x59400bd073d17528!2sBhangarh+Fort!5e0!3m2!1sen!2sin!4v1481908870331', 4, 5, 'Mysterious Escavations'),
(35, 'NOHKALIKAI FALLS', 'meghalaya', 'Nohkalikai Falls is the tallest plunge waterfall in India.Its height is 1115 feet, making it as the highest waterfall in India. The waterfall is located near Cherrapunji, one of the wettest places on Earth. Nohkalikai Falls are fed by the rainwater collected on the summit of comparatively small plateau and decrease in power during the dry season in December to February. Below the falls there has formed a plunge pool with unusual green colored water.', 'noh1.jpg,noh2.jpg,noh3.jpg,noh4.jpg,noh5.jpg', 'https://www.google.com/maps/embed?pb=!1m18!1m12!1m3!1d3607.8547828486785!2d91.68393111482266!3d25.275470034723377!2m3!1f0!2f0!3f0!3m2!1i1024!2i768!4f13.1!3m3!1m2!1s0x37508d4d52a66213%3A0x1e4a36d9696f9c41!2sNohKaLikai+Falls!5e0!3m2!1sen!2sin!4v1481911277320', 4, 5, 'Adventurous'),
(36, 'UMIAM LAKE', 'meghalaya', 'Umiam Lake is a reservoir located in the hills 15 km to the North of Shillong in the state of Meghalaya, India. It was created by damming the Umiam river in the early 1960s. The principal catchment area of the lake and dam is spread over 220 square km.', 'um1.jpg,um2.jpg,um3.jpg,um4.jpg,um5.jpg', 'https://www.google.com/maps/embed?pb=!1m18!1m12!1m3!1d28772.50397203008!2d91.86173182211796!3d25.652625491687722!2m3!1f0!2f0!3f0!3m2!1i1024!2i768!4f13.1!3m3!1m2!1s0x375a81d84fbc8add%3A0x5c8258293e9693f4!2sUmiam+Lake!5e0!3m2!1sen!2sin!4v1481911458789', 4, 4, 'Vacations'),
(37, 'UPPER SHILLONG FOREST', 'meghalaya', 'Upper Shillong Forest located in Law Sohtun, Shillong,East Khasi Hills District, Meghalaya ,India.', 'up1.jpg,up2.jpg,up3.jpg,up4.jpg,up5.jpg', 'https://www.google.com/maps/embed?pb=!1m18!1m12!1m3!1d28772.50397203008!2d91.86173182211796!3d25.652625491687722!2m3!1f0!2f0!3f0!3m2!1i1024!2i768!4f13.1!3m3!1m2!1s0x375a81d84fbc8add%3A0x5c8258293e9693f4!2sUmiam+Lake!5e0!3m2!1sen!2sin!4v1481911458789', 3, 4, 'Vacations'),
(38, 'KYNREM FALLS', 'meghalaya', 'The Kynrem Falls is located 12 kilometres from Cherrapunji in East Khasi Hills district in the Indian state of Meghalaya. It is situated inside the Thangkharang Park.It is the 7th highest waterfalls in India.', 'ky1.jpg,ky2.jpg,ky3.jpg,ky4.jpg,ky5.jpg', 'https://www.google.com/maps/embed?pb=!1m18!1m12!1m3!1d3609.287155263825!2d91.7144680148218!3d25.22725143667166!2m3!1f0!2f0!3f0!3m2!1i1024!2i768!4f13.1!3m3!1m2!1s0x3750f3006fc9aeef%3A0x54527dfdd99ac6a9!2sKynrem+falls!5e0!3m2!1sen!2sin!4v1481911311374', 4, 5, 'Adventurous'),
(39, 'AMARKANTAK', 'Madhya Pradesh', 'Amarkantak is a pilgrim town and a Nagar Panchayat in Anuppur, Madhya Pradesh, India. The Amarkantak region is a unique natural heritage area and is the meeting point of the Vindhya and the Satpura Ranges, with the Maikal Hills being the fulcrum. This is where the Narmada River, the Son River and Johila River emerge.\r\nPopular 15th century Indian mystic and poet Kabir is said to have meditated on Kabir Chabutra, also called the platform of Kabir, situated in the town of Amarkantak.', 'am1.jpg,am2.jpg,am3.jpg,am5.jpg,am4.jpg', 'https://www.google.com/maps/embed?pb=!1m18!1m12!1m3!1d29451.222628066564!2d81.74077021889491!3d22.676043396628575!2m3!1f0!2f0!3f0!3m2!1i1024!2i768!4f13.1!3m3!1m2!1s0x3987914444a5a36f%3A0x9d7c760ceef51c03!2sAmarkantak%2C+Madhya+Pradesh!5e0!3m2!1sen!2sin!4v1481914479299', 4, 5, 'Heritage'),
(40, 'BANDHAVGARH NATIONAL PARK', 'Madhya Pradesh', 'Bandhavgarh National Park is one of the popular national parks in India located in the Umaria district of Madhya Pradesh. Bandhavgarh was declared a national park in 1968, with an area of 105 kmsq. The buffer is spread over the forest divisions of Umaria and Katni and totals 820 kmsq. The park derives its name from the most prominent hillock of the area, which was said to be given by Hindu Lord Rama to his brother Lakshmana to keep a watch on Lanka.', 'ba1.jpg,ba2.jpg,ba3.jpg,ba4.jpg,ba5.jpg', 'https://www.google.com/maps/embed?pb=!1m18!1m12!1m3!1d3652.698489040524!2d81.02203031479623!3d23.722458895760408!2m3!1f0!2f0!3f0!3m2!1i1024!2i768!4f13.1!3m3!1m2!1s0x3986a51baaa621f7%3A0x2fb463e727f1edee!2sBandhavgarh+National+Park!5e0!3m2!1sen!2sin!4v1481914531980', 3, 5, 'Adventurous'),
(41, 'KHAJURAHO', 'Madhya Pradesh', 'The Khajuraho Group of Monuments is a group of Hindu and Jain temples in Madhya Pradesh, India, about 175 kilometres  southeast of Jhansi. They are one of the UNESCO World Heritage Sites in India. The temples are famous for their nagara-style architectural symbolism and their erotic sculptures.', 'kh1.jpg,kh2.jpg,kh3.jpg,kh4.jpg,kh5.jpg', 'https://www.google.com/maps/embed?pb=!1m18!1m12!1m3!1d57935.82941391996!2d79.87680610509797!3d24.830038219117185!2m3!1f0!2f0!3f0!3m2!1i1024!2i768!4f13.1!3m3!1m2!1s0x3982e5f63138c3c5%3A0xaa20ea639a4572c!2sKhajuraho%2C+Madhya+Pradesh+471606!5e0!3m2!1sen!2sin!4v1481914740909', 3, 5, 'Heritage'),
(42, 'JABALPUR', 'Madhya Pradesh', 'Jabalpur is a tier 2 city in the state of Madhya Pradesh, India. According to the 2011 census, it is the third largest urban agglomeration in Madhya Pradesh and the countrys 37thlargest urban agglomeration.', 'ja1.jpg,ja2.jpg,ja3.jpg,ja4.jpg,ja5.jpg', 'https://www.google.com/maps/embed?pb=!1m18!1m12!1m3!1d117371.05679944839!2d79.89871232869322!3d23.175837426248275!2m3!1f0!2f0!3f0!3m2!1i1024!2i768!4f13.1!3m3!1m2!1s0x3981ae1a0fb6a97d%3A0x44020616bc43e3b9!2sJabalpur%2C+Madhya+Pradesh!5e0!3m2!1sen!2sin!4v1481914996108', 4, 5, 'Heritage'),
(43, 'JAMALI KAMALI', 'Delhi', 'Jamali Kamali is an archaeological village complex in Mehrauli, but it is much more than just a historic monument.\r\nThe tomb and mosque are now said to be home to djinns, but not the kind who fulfill you three wishes. Some visitors say they have heard inexplicable sounds of animals growling, others report being chased and injured.\r\n', 'ja1.jpg,ja2.jpg,ja3.jpg,ja4.jpg,ja5.jpg', 'https://www.google.com/maps/embed?pb=!1m18!1m12!1m3!1d3505.66779556069!2d77.18509341488414!3d28.51964099593262!2m3!1f0!2f0!3f0!3m2!1i1024!2i768!4f13.1!3m3!1m2!1s0x390d1e04f306a703%3A0x6e4f1f96a5d9d44f!2sJamali+Kamali%2C+Mehrauli+Archeological+Park+Trail%2C+Christian+Colony%2C+Mehrauli%2C+New+Delhi%2C+Delhi+110016!5e0!3m2!1sen!2sin!4v1481916492793', 4, 5, 'Mysterious Escavations'),
(44, 'DUMAS BEACH', 'Gujarat', 'Dumas Beach is called The Whispering Beach for a reason and has its own share of spooky apparitions. It is said that because the beach has been used by Hindus to burn their dead, their spirits have a free reign here.\r\nTourists have heard voices in the wind forbidding them to venture any further, dogs behave weirdly here, and curious tourists are rumoured to have disappeared if they ventured out at night.', 'du1.jpg,du2.jpg,du3.jpg,du4.jpg,du5.jpg', 'https://www.google.com/maps/embed?pb=!1m18!1m12!1m3!1d14890.61655064691!2d72.70313132674968!3d21.08647164640541!2m3!1f0!2f0!3f0!3m2!1i1024!2i768!4f13.1!3m3!1m2!1s0x3be0533302a63a7f%3A0x6d86e327f98bb542!2sDumas+Beach!5e0!3m2!1sen!2sin!4v1481916513360', 4, 5, 'Mysterious Escavations'),
(45, 'BRIJ RAJ BHAVAN', 'rajasthan', 'The 178 year old Brij Raj Bhavan Palace in Kota, Rajasthan, which was converted into a heritage hotel in the 80s, is said to have a resident ghost. The gentleman ghost of Major Burton, they say is harmless.', 'br1.jpg,br2.jpg,br3.jpg,br4.jpg,br5.jpg', 'https://www.google.com/maps/embed?pb=!1m18!1m12!1m3!1d3610.0270329240434!2d75.85054331482138!3d25.202310837678052!2m3!1f0!2f0!3f0!3m2!1i1024!2i768!4f13.1!3m3!1m2!1s0x396f9afc40000001%3A0x94f4db8b63625cd5!2sBrijraj+Bhawan+Palace+Hotel!5e0!3m2!1sen!2sin!4v1481916552721', 4, 5, 'Mysterious Escavations'),
(46, 'AGNIGARH HILL', 'Assam', 'Agnigarh  is a hillock located in Tezpur, Assam, India. In Hindu mythology, it is the site of the fortress which was built by Banasura to keep his daughter Usha in isolation. The name itself is derived from the words Agni and garh in Sanskrit.', 'agnigarh1.jpg,agnigarh2.jpg,agnigarh3.jpg,agnigarh4.jpg,agnigarh5.jpg', 'https://www.google.com/maps/embed?pb=!1m18!1m12!1m3!1d3566.9755833956337!2d92.8001618150387!3d26.617229383255708!2m3!1f0!2f0!3f0!3m2!1i1024!2i768!4f13.1!3m3!1m2!1s0x3744e848b739c723%3A0x13bd8f145902d566!2sAgnigarh!5e0!3m2!1sen!2sin!4v1481917592779"', 3, 4, 'Heritage'),
(47, 'KAZIRANGA NATIONAL PARK', 'Assam', 'Kaziranga National Park is a national park in the Golaghat and Nagaon districts of the state of Assam, India. The sanctuary, which hosts two-thirds of the worlds great one-horned rhinoceroses, is a World Heritage Site. According to the census held in March 2015, which was jointly conducted by the Forest Department of the Government of Assam and some recognized wildlife NGOs, the rhino population in Kaziranga National Park is 2,401. It comprises 1,651 adult rhinos 294 sub-adults 251 juveniles and 205 cubs. Kaziranga is home to the highest density of tigers among protected areas in the world, and was declared a Tiger Reserve in 2006. The park is home to large breeding populations of elephants, wild water buffalo, and swamp deer. ', 'kaziranga1.jpg,kaziranga2.jpg,kaziranga3.jpg,kaziranga4.jpg,kaziranga5.jpg', 'https://www.google.com/maps/embed?pb=!1m18!1m12!1m3!1d28544.410467352984!2d93.15594208547637!3d26.582728779315758!2m3!1f0!2f0!3f0!3m2!1i1024!2i768!4f13.1!3m3!1m2!1s0x3744412d379f65df%3A0x8b2b74b6e7c99458!2sKaziranga+National+Park!5e0!3m2!1sen!2sin!4v1481917757117', 3, 5, 'Adventurous'),
(48, 'KAMAKHYA TEMPLE', 'Assam', 'The Kamakhya Temple also Kamrup Kamakhya is a Hindu temple dedicated to the mother goddess Kamakhya. It is one of the oldest of the 51 Shakti Pithas. Situated on the Nilachal Hill in western part of Guwahati city in Assam, India, it is the main temple in a complex of individual temples dedicated to the ten Mahavidyas Kali, Tara, Sodashi, Bhuvaneshwari, Bhairavi, Chhinnamasta, Dhumavati, Bagalamukhi, Matangi and Kamala. Among these, Tripurasundari, Matangi and Kamala reside inside the main temple whereas the other seven reside in individual temples. It is an important pilgrimage destination for general Hindu and especially for Tantric worshipers.', 'kamakhya1.jpg,kamakhya2.jpg,kamakhya3.jpg,kamakhya4.jpg,kamakhya5.jpg', 'https://www.google.com/maps/embed?pb=!1m18!1m12!1m3!1d3580.9295341459433!2d91.70280681502928!3d26.166424283454614!2m3!1f0!2f0!3f0!3m2!1i1024!2i768!4f13.1!3m3!1m2!1s0x375a5b04b0f06ef1%3A0xaaad40304c7d3d1d!2sKamakhya+Temple!5e0!3m2!1sen!2sin!4v1481917910737', 3, 4, 'Heritage'),
(49, 'TALATHAL GHAR', 'Assam', 'The Talatal Ghar is located in Rangpur, 4 km from present-day Sivasagar, in Upper Assam. Of all Ahom ruins, it is one of the grandest examples of Tai Ahom architecture. The Talatal Ghar, together with its above-ground counterpart the Kareng Ghar, is also the largest of all Tai Ahom monuments.', 'talatal1.jpg,talatal2.jpg,talatal3.jpg,talatal4.jpg,talatal5.jpg', 'https://www.google.com/maps/embed?pb=!1m18!1m12!1m3!1d3557.3659436873986!2d94.62245931504518!3d26.923610983122796!2m3!1f0!2f0!3f0!3m2!1i1024!2i768!4f13.1!3m3!1m2!1s0x374730bd6368fd29%3A0x581284d14776076!2sTalatal+Ghar%2C+Barpatra+Dol+Kalugaon%2C+Assam+785665!5e0!3m2!1sen!2sin!4v1481918018115', 3, 5, 'Vacations'),
(50, 'SeLa Pass', 'Arunachal Pradesh', 'The Sela Pass more appropriately called Se La, as La means Pass, is the high-altitude mountain pass located in Tawang District of Arunachal Pradesh state of India. It has an elevation of 4170 m. connects the Buddhist city of Tawang Town to Tezpur and Guwahati and is the main road connecting Tawang with the rest of India. Tawang is situated at a distance of 78 km from Sela Pass, while Guwahati is at a distance of 340 km. The pass has hardly any vegetation and is usually snow-covered to some extent all through the year. During winter temperature in the pass can go down to negative of 10 degrees.', 'sela1.jpg,sela2.jpg,sela3.jpg,sela4.jpg,sela5.jpg', 'https://www.google.com/maps/embed?pb=!1m18!1m12!1m3!1d3538.900321523743!2d92.10225101505765!3d27.5034752828768!2m3!1f0!2f0!3f0!3m2!1i1024!2i768!4f13.1!3m3!1m2!1s0x375c94e23da084cb%3A0xc4363b30bcbf0b29!2sSela+Pass!5e0!3m2!1sen!2sin!4v1481915919385', 3, 5, 'Adventurous'),
(51, 'Tawang Monastery', 'Arunachal Pradesh', 'Tawang Monastery, in the Indian state of Arunachal Pradesh, is the largest monastery in India and second largest in the world after the Potala Palace in Lhasa, Tibet. It is situated in the valley of the Tawang River, near the small town of the same name in the northwestern part of Arunachal Pradesh, in close proximity to the Tibetan and Bhutanese border.', 'tawang1.jpg,tawang2.jpg,tawang3.jpg,tawang4.jpg,tawang5.jpg', 'https://www.google.com/maps/embed?pb=!1m18!1m12!1m3!1d3536.2386413507343!2d91.85503051505944!3d27.58613008284218!2m3!1f0!2f0!3f0!3m2!1i1024!2i768!4f13.1!3m3!1m2!1s0x375cf5a73c4189b9%3A0x62f60b408839e67e!2sTawang+Monastery+Museum!5e0!3m2!1sen!2sin!4v1481916202569', 4, 4, 'Heritage'),
(52, 'Madhuri Lake', 'Arunachal Pradesh', 'Being home to the Himalayas, Arunachal Pradesh is home to many beautiful lakes but none as beautiful and remote as the Shungatser Lake or the Madhuri Lake. One of the remotest lakes of the country and perhaps of the world as well, Sangetsar or Madhuri Lake is a breathtaking combination of rocky mountains and an ever present lake whose beauty is beyond spellbinding. The Shungatser Lake located at an altitude of 12000 ft above sea level just 30 km north east of Tawang, is a sight to behold, tucked between huge mountains in the heart of the Himalayas with many upright tree trunks standing in its belly as if guarding the lake.', 'madhuri1.jpg,madhuri2.jpg,madhuri3.jpg,madhuri4.jpg,madhuri5.jpg', 'https://www.google.com/maps/embed?pb=!1m18!1m12!1m3!1d3531.8554102362273!2d91.82227641506239!3d27.721750232785997!2m3!1f0!2f0!3f0!3m2!1i1024!2i768!4f13.1!3m3!1m2!1s0x375c580307e57dbf%3A0x83b01fae3db9f0a7!2sSungester+Lake!5e0!3m2!1sen!2sin!4v1481916330825', 4, 5, 'Vacations'),
(53, 'Bumla Pass', 'Arunachal Pradesh', 'The Bum La Pass is located about 37 km away from Tawang in Arunachal Pradesh, at the Indo-China border above 15,200 ft above sea level.', 'bumla1.jpg,bumla2.jpg,bumla3.jpg,bumla4.jpg,bumla5.jpg', 'https://www.google.com/maps/embed?pb=!1m18!1m12!1m3!1d3530.681013949976!2d91.77960811506318!3d27.75798318277101!2m3!1f0!2f0!3f0!3m2!1i1024!2i768!4f13.1!3m3!1m2!1s0x375c5711c8612e73%3A0xe831132a130db786!2sBum+La+Pass!5e0!3m2!1sen!2sin!4v1481916482570', 4, 4, 'Adventurous'),
(54, 'Jolly Island', 'Andaman and nicobar', 'Jolly Buoy Island is in Andaman and Nicobar and is a part of Mahatma Gandhi Marine National Park. It is very famous for under water corals and the pristine clear beach.', 'jolly1.jpg,jolly2.jpg,jolly3.jpg,jolly4.jpg,jolly5.jpg', 'https://www.google.com/maps/embed?pb=!1m18!1m12!1m3!1d3909.5760610802668!2d92.61292501480746!3d11.510474091826019!2m3!1f0!2f0!3f0!3m2!1i1024!2i768!4f13.1!3m3!1m2!1s0x30889aa89fbb5961%3A0x1a73aff6b878d09f!2sJOLLY+BUOY!5e0!3m2!1sen!2sin!4v1481913202253', 3, 5, 'Vacations'),
(55, 'Cellular Jail', 'Andaman and nicobar', 'The Cellular Jail, was a colonial prison in the Andaman and Nicobar Islands, India. The prison was used by the British especially to exile political prisoners to the remote archipelago. Many notable dissidents such as Batukeshwar Dutt and Veer Savarkar, among others, were imprisoned here during the struggle for India\'s independence. Today, the complex serves as a national memorial monument.', 'cellular1.jpg,cellular2.jpg,cellular3.jpg,cellular4.jpg,cellular5.jpg', 'https://www.google.com/maps/embed?pb=!1m18!1m12!1m3!1d28227.3570439287!2d92.73790781989817!3d11.659160717455912!2m3!1f0!2f0!3f0!3m2!1i1024!2i768!4f13.1!3m3!1m2!1s0x308895727976a6d9%3A0x616a8c6623fdba3f!2sCellular+Jail+-+National+Memorial!5e0!3m2!1sen!2sin!4v1481913158202', 4, 4, 'Heritage'),
(56, 'Radha Nagar Beach', 'Andaman and nicobar', 'Considered the best beach in Asia by the Time magazine and the best beach of the world by the Independent.\r\nRadhanagar beach is quiet, with golden sand and bluish green sea water. Very safe for swimming and playing in water due to smaller waves and shallow depth. Government lodging available near the Jetty, which is 7 Km from Radhanagar. There is regular Bus service in & around Havelock Island.\r\n', 'Radha1.jpg,Radha2.jpg,Radha3.jpg,Radha4.jpg,Radha5.jpg', 'https://www.google.com/maps/embed?pb=!1m18!1m12!1m3!1d124900.10997147851!2d92.91942419805447!3d11.965608417252998!2m3!1f0!2f0!3f0!3m2!1i1024!2i768!4f13.1!3m3!1m2!1s0x3088d3d85e0fe039%3A0x25c8aaaa513ef4bf!2sHavelock+Island!5e0!3m2!1sen!2sin!4v1481913014734', 3, 4, 'Vacations'),
(57, 'Neill Island', 'Andaman and nicobar', 'Neill Island is an island of the Andaman Islands, located in Ritchies Archipelago. It belongs to the South Andaman administrative district, part of the Indian union territory of Andaman and Nicobar Islands. the island is lying 36 km northeast from Port Blair.', 'Neil1.jpg,Neil2.jpg,Neil3.jpg,Neil4.jpg,Neil5.jpg', 'https://www.google.com/maps/embed?pb=!1m18!1m12!1m3!1d62480.87225746871!2d93.00694330315129!3d11.83145580232595!2m3!1f0!2f0!3f0!3m2!1i1024!2i768!4f13.1!3m3!1m2!1s0x3088d9a13824c715%3A0xddd01ec98b4eb529!2sNeil+Island!5e0!3m2!1sen!2sin!4v1481913342406', 4, 4, 'Vacations');

-- --------------------------------------------------------

--
-- Table structure for table `states`
--

CREATE TABLE `states` (
  `S_id` int(100) NOT NULL,
  `S_name` varchar(100) NOT NULL,
  `S_desc` varchar(10000) NOT NULL,
  `S_image` varchar(100) NOT NULL
) ENGINE=MyISAM DEFAULT CHARSET=latin1;

--
-- Dumping data for table `states`
--

INSERT INTO `states` (`S_id`, `S_name`, `S_desc`, `S_image`) VALUES
(1, 'Karnataka', 'Karnataka has been ranked as fourth most popular destination for tourism among states of India.It has the highest number of national protected monuments in India, at 507.\r\nKannada dynasties like Kadambas, Western Gangas, Chalukyas, Rashtrakutas, Hoysalas, Vijayanagaras and the Kingdom of Mysore ruled from what is today Karnataka.They built great monuments to Buddhism, Jainism and Hinduism. These monuments are preserved at Badami, Aihole, Pattadakal, Mahakuta, Hampi, Lakshmeshwar, Sudi, Hooli, Mahadeva Temple (Itagi), Dambal, Lakkundi, Gadag, Hangal, Halasi, Galaganatha, Chaudayyadanapura, Banavasi, Belur, Halebidu, Sringeri, Shravanabelagola, Sannati, Nanjangud, Mysore, Nandi Hills, Kolar, Mudabidri, Gokarna, Bagali, Kuruvatti and many more. Notable Islamic monuments are present at Bijapur, Bidar, Gulbarga, Raichur and other part of the state. Gol Gumbaz at Bijapur, has the second largest pre-modern dome in the world after the Byzantine Hagia Sophia. Karnataka has two World heritage sites, at Hampi and Pattadakal.Bellary one of the historical place, we can see the forts which were built by the great Tipu Sultan for protection.', 'karnataka.jpg'),
(2, 'Kerala', 'Kerala is a state on the tropical Malabar Coast of south-western India. Nicknamed as one of the 10 paradises of the world by National Geographic, Kerala is famous especially for its Eco-tourism initiatives. Its unique culture and traditions, coupled with its varied demography, has made it one of the most popular tourist destinations in India. Growing at a rate of 13.31%, the tourism industry significantly contributes to the state\'s economy. Kerala is known for its tropical backwaters and pristine beaches in Trivandrum such as Kovalam and Varkala.\r\n', 'allepey house boat.jpg'),
(3, 'TamilNadu', 'Tamil Nadu was the most visited tourist destination by both Indian and International tourists in 2014 with over 320 million domestic visits and 4.6 million foreign visits. It has places of historical, cultural and architectural significance. Tourism in Tamil Nadu is promoted by Ministry of Tourism by the state government with a logo enchanting Tamil Nadu. TTDC promotes tourism in the state by arranging various functions and events. The capital city of Tamil Nadu -Chennai- is the only place in India to be listed in 52 places to go around the world" by "The New York Times". Marina beach in Chennai is the second longest beach in the world and Chennai is home to numerous historic temples and parks. Chennai is also nicknamed as the Gateway of South India.\r\n', 'tamilnadu.jpg'),
(4, 'Delhi', 'Delhi is the capital union territory of India. A fine blend of old and new, ancient and modern, Delhi is a melting pot of cultures and religions.Old Delhi has been the capital of numerous empires that ruled India, making it rich in history. New Delhi, on the other hand, is a modern city designed by Edwin Lutyens and Herbert Baker. The different rulers left behind their trademark architectural styles. Delhi currently has many renowned historic monuments and landmarks such as the Tughlaqabad fort, Qutub Minar, Purana Quila, Lodhi Gardens, Jama Masjid, Humayun\'s tomb, Red Fort, and Safdarjung\'s Tomb. Modern monuments include Jantar Mantar, India Gate, Rashtrapati Bhavan, Laxminarayan Temple, Lotus temple, Lal Mandir and Akshardham Temple.\r\n', 'delhi.jpg'),
(5, 'Gujarat', 'Gujarat, the seventh largest state in India, located in the western part of India with a coastline of 1600 km. It is the tenth most popular state in the country for tourists with annual footfall of 18.9 million tourists.Gujarat offers scenic beauty from Great Rann of Kutch to the hills of Saputara. Gujarat is the sole home of the pure Asiatic lions and is considered to be one of the most important protected areas in Asia. Ancient Dholavira, archaeological site in Kutch District and Lothal, archaeological site in Ahmedabad district contains ruins of ancient Indus Valley Civilization city, ruins of Dholavira is one of the largest Harappan archaeological sites.', 'gujarat.jpg'),
(6, 'Punjab', 'The state of Punjab is renowned for its cuisine, culture and history. Punjab has a vast public transportation and communication network. Some of the main cities in Punjab are Amritsar, Jalandhar, Patiala, Pathankot and Ludhiana. Nabha is famous as a manufacturing hub of combine harvesters and other manufacturing units, while Patiala is known for the historical forts. Punjab also has a rich Sikh religious history. Tourism in Punjab is principally suited for the tourists interested in culture, ancient civilisation, spirituality and epic history. Some of the villages in Punjab are also a must see for the person who wants to see the true Punjab, with their beautiful traditional Indian homes, farms and temples, this is a must see for any visitor that goes to India. Lonely Planet Bluelist 2008 has voted the Harmandir Sahib as one of the worlds best spiritual sites with over 100000 pilgrims and tourists visiting on a daily basis. Since Amritsar is a big tourist spot, a lot of five star hotels are getting attracted to open up properties here.', 'punjab.jpg'),
(7, 'JammuandKashmir', 'Jammu and Kashmir is the northernmost state of India. Jammu is noted for its scenic landscape, ancient temples and mosques, Hindu and Muslim shrines, castles, gardens and forts. The Hindu holy shrines of Amarnath in Kashmir Valley attracts about ,4 million Hindu devotees every year. Vaishno Devi also attract millions of Hindu devotees every year. Jammu\'s historic monuments feature a unique blend of Islamic and Hindu architecture styles.\r\nTourism forms an integral part of the Kashmiri economy. Often dubbed Paradise on Earth, Kashmir\'s mountainous landscape has attracted tourists for centuries. Notable places are Dal Lake, Srinagar Pahalgam, Gulmarg, Yeusmarg and Mughal Gardens etc. Kashmir\'s natural landscape has made it one of the popular destinations for adventure tourism in South Asia.\r\nIn recent years,Ladakh has emerged as a major hub for adventure tourism. This part of Greater Himalaya called moon on earth consists of naked peaks and deep gorges. Leh, the capital, is also a growing tourist spot.', 'jammuandkashmir.jpg'),
(8, 'rajasthan', 'Rajasthan, literally meaning Land of the Kings, is one of the most attractive tourist destinations in Western India.', 'rajasthan.jpg'),
(9, 'meghalaya', 'Meghalaya has some of the thickest surviving forests in the country. Therefore, constitutes one of the most important ecotourism circuits in the country today. The Meghalayan subtropical forests support a vast variety of flora and fauna.', 'meghalaya.jpg'),
(10, 'Madhya Pradesh', 'Madhya Pradesh is called the Heart of India because of its location in the centre of the country. It has been home to the cultural heritage of Hinduism, Islam, Buddhism, Sikhism and Jainism. Innumerable monuments, exquisitely carved temples, stupas, forts and palaces are dotted all over the state.\r\nThe temples of Khajuraho are world famous for their erotic sculptures, and are a UNESCO World Heritage Site. Gwalior is famous for its fort, Jai Vilas Palace, the Tomb of Rani Lakshmibai, Md. Ghaus and Tansen.', 'mp.jpg'),
(11, 'Assam', 'Assam is a state in northeastern India. Located south of the eastern Himalayas, Assam comprises the Brahmaputra Valley and the Barak Valley along with the Karbi Anglong and Dima Hasao districts with an area of 30,285 sq mi. Assam, along with Arunachal Pradesh, Nagaland, Manipur, Mizoram, Tripura, and Meghalaya, is one of the Seven Sister States. Geographically, Assam and these states are connected to the rest of India via a 22 kilometres strip of land in West Bengal called the Siliguri Corridor . Assam shares an international border with Bhutan and Bangladesh and its culture, people and climate are similar to those of South East Asia  comprising the elements in Indias Look East policy.', 'Assam.jpg'),
(12, 'Arunachal Pradesh', 'Arunachal Pradesh is one of the twenty-nine states of India. Located in northeast India, it holds the most north eastern position among the states in the north east region of India. Arunachal Pradesh borders the states of Assam and Nagaland to the south, and shares international borders with Bhutan in the west, Myanmar in the east and China in the north. Itanagar is the capital of the state. Arunachal Pradesh has territorial disputes with both the PRC and ROC due to its cultural, ethnic and geographic proximity to Tibet.', 'Arunachal.jpg'),
(13, 'Andaman and nicobar', 'The Andaman and Nicobar Islands, one of the seven union territories of India, are a group of islands at the juncture of the Bay of Bengal and Andaman Sea.\r\nThe territory is 150 km north of Aceh in Indonesia and separated from Thailand and Myanmar by the Andaman Sea. It comprises two island groups, the Andaman Islands and the Nicobar Islands, separated by the 10 degree N parallel, with the Andamans to the north of this latitude, and the Nicobars to the south. The Andaman Sea lies to the east and the Bay of Bengal to the west.\r\n', 'jolly3.jpg');

-- --------------------------------------------------------

--
-- Table structure for table `user`
--

CREATE TABLE `user` (
  `id` int(100) NOT NULL,
  `Username` varchar(100) NOT NULL,
  `Email` varchar(100) NOT NULL,
  `Password` varchar(100) NOT NULL
) ENGINE=InnoDB DEFAULT CHARSET=latin1;

--
-- Dumping data for table `user`
--

INSERT INTO `user` (`id`, `Username`, `Email`, `Password`) VALUES
(7, 'Sushma', 'sushmasuresh22@gmail.com', '81dc9bdb52d04dc20036dbd8313ed055'),
(8, 'Sade', 'suhas.sampath@gmail.com', 'fdb04f640d8e936f948fbb1e8ac00696'),
(9, 'sade2', 'sss@gmail.com', '81dc9bdb52d04dc20036dbd8313ed055'),
(10, 'suhaaa', 's@g.com', '81dc9bdb52d04dc20036dbd8313ed055'),
(11, 'suhas', 'suhas@gmail.com', '559e3ea609b545a204248a19d87ccfe4'),
(12, 'SS', 'SS@gmail.com', '81dc9bdb52d04dc20036dbd8313ed055'),
(13, 'ashleshyd', 'ashlesh23@gmail.com', '81dc9bdb52d04dc20036dbd8313ed055');

--
-- Indexes for dumped tables
--

--
-- Indexes for table `contact us`
--
ALTER TABLE `contact us`
  ADD PRIMARY KEY (`C_id`);

--
-- Indexes for table `hotels`
--
ALTER TABLE `hotels`
  ADD PRIMARY KEY (`H_id`);

--
-- Indexes for table `payment`
--
ALTER TABLE `payment`
  ADD PRIMARY KEY (`pay_id`),
  ADD KEY `pay_usrid` (`pay_usrid`);

--
-- Indexes for table `places`
--
ALTER TABLE `places`
  ADD PRIMARY KEY (`p_id`),
  ADD KEY `p_hotelid` (`p_hotelid`);

--
-- Indexes for table `states`
--
ALTER TABLE `states`
  ADD PRIMARY KEY (`S_id`);

--
-- Indexes for table `user`
--
ALTER TABLE `user`
  ADD PRIMARY KEY (`id`);

--
-- AUTO_INCREMENT for dumped tables
--

--
-- AUTO_INCREMENT for table `contact us`
--
ALTER TABLE `contact us`
  MODIFY `C_id` int(11) NOT NULL AUTO_INCREMENT;
--
-- AUTO_INCREMENT for table `hotels`
--
ALTER TABLE `hotels`
  MODIFY `H_id` int(100) NOT NULL AUTO_INCREMENT, AUTO_INCREMENT=5;
--
-- AUTO_INCREMENT for table `payment`
--
ALTER TABLE `payment`
  MODIFY `pay_id` int(100) NOT NULL AUTO_INCREMENT, AUTO_INCREMENT=4;
--
-- AUTO_INCREMENT for table `places`
--
ALTER TABLE `places`
  MODIFY `p_id` int(100) NOT NULL AUTO_INCREMENT, AUTO_INCREMENT=58;
--
-- AUTO_INCREMENT for table `states`
--
ALTER TABLE `states`
  MODIFY `S_id` int(100) NOT NULL AUTO_INCREMENT, AUTO_INCREMENT=14;
--
-- AUTO_INCREMENT for table `user`
--
ALTER TABLE `user`
  MODIFY `id` int(100) NOT NULL AUTO_INCREMENT, AUTO_INCREMENT=14;
--
-- Constraints for dumped tables
--

--
-- Constraints for table `payment`
--
ALTER TABLE `payment`
  ADD CONSTRAINT `payment_ibfk_1` FOREIGN KEY (`pay_usrid`) REFERENCES `user` (`id`);

--
-- Constraints for table `places`
--
ALTER TABLE `places`
  ADD CONSTRAINT `places_ibfk_1` FOREIGN KEY (`p_hotelid`) REFERENCES `hotels` (`H_id`);

/*!40101 SET CHARACTER_SET_CLIENT=@OLD_CHARACTER_SET_CLIENT */;
/*!40101 SET CHARACTER_SET_RESULTS=@OLD_CHARACTER_SET_RESULTS */;
/*!40101 SET COLLATION_CONNECTION=@OLD_COLLATION_CONNECTION */;
